Price,Close,5_day_MA,10_day_MA,20_day_MA,30_day_MA,50_day_MA,100_day_MA
Ticker,AAPL,,,,,,
Date,,,,,,,
2022-01-03 00:00:00+00:00,182.00999450683594,,,,,,
2022-01-04 00:00:00+00:00,179.6999969482422,,,,,,
2022-01-05 00:00:00+00:00,174.9199981689453,,,,,,
2022-01-06 00:00:00+00:00,172.0,,,,,,
2022-01-07 00:00:00+00:00,172.1699981689453,176.15999755859374,,,,,
2022-01-10 00:00:00+00:00,172.19000244140625,174.1959991455078,,,,,
2022-01-11 00:00:00+00:00,175.0800018310547,173.27200012207032,,,,,
2022-01-12 00:00:00+00:00,175.52999877929688,173.3940002441406,,,,,
2022-01-13 00:00:00+00:00,172.19000244140625,173.43200073242187,,,,,
2022-01-14 00:00:00+00:00,173.07000732421875,173.61200256347655,174.88600006103516,,,,
2022-01-18 00:00:00+00:00,169.8000030517578,173.13400268554688,173.66500091552734,,,,
2022-01-19 00:00:00+00:00,166.22999572753906,171.36400146484374,172.31800079345703,,,,
2022-01-20 00:00:00+00:00,164.50999450683594,169.16000061035157,171.2770004272461,,,,
2022-01-21 00:00:00+00:00,162.41000366210938,167.2040008544922,170.31800079345703,,,,
2022-01-24 00:00:00+00:00,161.6199951171875,164.91399841308595,169.26300048828125,,,,
2022-01-25 00:00:00+00:00,159.77999877929688,162.90999755859374,168.02200012207032,,,,
2022-01-26 00:00:00+00:00,159.69000244140625,161.60199890136718,166.48300018310547,,,,
2022-01-27 00:00:00+00:00,159.22000122070312,160.54400024414062,164.85200042724608,,,,
2022-01-28 00:00:00+00:00,170.3300018310547,162.12799987792968,164.66600036621094,,,,
2022-01-31 00:00:00+00:00,174.77999877929688,164.76000061035157,164.83699951171874,169.86149978637695,,,
2022-02-01 00:00:00+00:00,174.61000061035156,167.7260009765625,165.31799926757813,169.49150009155272,,,
2022-02-02 00:00:00+00:00,175.83999633789062,170.95599975585938,166.27899932861328,169.29850006103516,,,
2022-02-03 00:00:00+00:00,172.89999389648438,173.69199829101564,167.1179992675781,169.1974998474121,,,
2022-02-04 00:00:00+00:00,172.38999938964844,174.10399780273437,168.11599884033203,169.21699981689454,,,
2022-02-07 00:00:00+00:00,171.66000366210938,173.47999877929686,169.11999969482423,169.19150009155274,,,
2022-02-08 00:00:00+00:00,174.8300018310547,173.5239990234375,170.625,169.32350006103516,,,
2022-02-09 00:00:00+00:00,176.27999877929688,173.61199951171875,172.28399963378905,169.38349990844728,,,
2022-02-10 00:00:00+00:00,172.1199951171875,173.45599975585938,173.5739990234375,169.2129997253418,,,
2022-02-11 00:00:00+00:00,168.63999938964844,172.70599975585938,173.40499877929688,169.0354995727539,,,
2022-02-14 00:00:00+00:00,168.8800048828125,172.15,172.81499938964845,168.82599945068358,170.84599965413412,,
2022-02-15 00:00:00+00:00,172.7899932861328,171.74199829101562,172.63299865722655,168.97549896240236,170.53866628011068,,
2022-02-16 00:00:00+00:00,172.5500030517578,170.99599914550782,172.3039993286133,169.29149932861327,170.30033315022786,,
2022-02-17 00:00:00+00:00,168.8800048828125,170.3480010986328,171.9020004272461,169.5099998474121,170.0990000406901,,
2022-02-18 00:00:00+00:00,167.3000030517578,170.0800018310547,171.39300079345702,169.75449981689454,169.9423334757487,,
2022-02-22 00:00:00+00:00,164.32000732421875,169.16800231933593,170.65900115966798,169.8895004272461,169.6806671142578,,
2022-02-23 00:00:00+00:00,160.07000732421875,166.62400512695314,169.18300170898436,169.90400085449218,169.27666727701822,,
2022-02-24 00:00:00+00:00,162.74000549316406,164.66200561523436,167.8290023803711,170.05650100708007,168.8653340657552,,
2022-02-25 00:00:00+00:00,164.85000610351562,163.856005859375,167.1020034790039,170.3380012512207,168.50933430989582,,
2022-02-28 00:00:00+00:00,165.1199951171875,163.42000427246094,166.7500030517578,170.07750091552734,168.27366739908854,,
2022-03-01 00:00:00+00:00,163.1999969482422,163.1960021972656,166.18200225830077,169.4985008239746,167.94466705322264,,
2022-03-02 00:00:00+00:00,166.55999755859375,164.49400024414064,165.5590026855469,169.09600067138672,167.8366668701172,,
2022-03-03 00:00:00+00:00,166.22999572753906,165.19199829101564,164.927001953125,168.61550064086913,167.8366668701172,,
2022-03-04 00:00:00+00:00,163.1699981689453,164.85599670410156,164.3560012817383,168.12900085449218,167.79200032552083,,
2022-03-07 00:00:00+00:00,159.3000030517578,163.69199829101564,163.55600128173828,167.47450103759766,167.6883336385091,,
2022-03-08 00:00:00+00:00,157.44000244140625,162.53999938964844,162.86800079345704,166.7635009765625,167.54900054931642,,
2022-03-09 00:00:00+00:00,162.9499969482422,161.81799926757813,163.15599975585937,166.16950073242188,167.65466715494793,,
2022-03-10 00:00:00+00:00,158.52000427246094,160.2760009765625,162.73399963378907,165.28150100708007,167.61566721598308,,
2022-03-11 00:00:00+00:00,154.72999572753906,158.58800048828124,161.7219985961914,164.41200103759766,167.46600036621095,,
2022-03-14 00:00:00+00:00,150.6199951171875,156.85199890136718,160.2719985961914,163.5110008239746,166.80900014241536,,
2022-03-15 00:00:00+00:00,155.08999633789062,156.38199768066406,159.46099853515625,162.8215003967285,166.1526667277018,167.63619995117188,
2022-03-16 00:00:00+00:00,159.58999633789062,155.70999755859376,158.76399841308594,162.1615005493164,165.6519999186198,167.18779998779297,
2022-03-17 00:00:00+00:00,160.6199951171875,156.12999572753907,158.20299835205077,161.56500015258788,165.14466654459636,166.80619995117186,
2022-03-18 00:00:00+00:00,163.97999572753906,157.97999572753906,158.28399810791015,161.31999969482422,164.8473332722982,166.58739990234375,
2022-03-21 00:00:00+00:00,165.3800048828125,160.93199768066407,158.89199829101562,161.22399978637696,164.613666788737,166.455,
2022-03-22 00:00:00+00:00,168.82000732421875,163.6779998779297,160.02999877929688,161.44899978637696,164.5190002441406,166.38800018310548,
2022-03-23 00:00:00+00:00,170.2100067138672,165.802001953125,160.75599975585936,161.95599975585938,164.36500040690103,166.34840026855468,
2022-03-24 00:00:00+00:00,174.07000732421875,168.49200439453125,162.31100006103514,162.52249984741212,164.2913340250651,166.32820037841796,
2022-03-25 00:00:00+00:00,174.72000122070312,170.64000549316407,164.31000061035155,163.0159996032715,164.37800089518228,166.3120004272461,
2022-03-28 00:00:00+00:00,175.60000610351562,172.6840057373047,166.80800170898436,163.54000015258788,164.61000111897786,166.3802005004883,
2022-03-29 00:00:00+00:00,178.9600067138672,174.71200561523438,169.19500274658202,164.32800064086913,164.946001180013,166.49800048828126,
2022-03-30 00:00:00+00:00,177.77000427246094,176.22400512695313,171.01300354003905,164.8885009765625,165.11200154622395,166.65740051269532,
2022-03-31 00:00:00+00:00,174.61000061035156,176.33200378417968,172.41200408935546,165.30750122070313,165.18066813151043,166.82500061035157,
2022-04-01 00:00:00+00:00,174.30999755859375,176.2500030517578,173.44500427246095,165.86450119018554,165.3616678873698,167.02100067138673,
2022-04-04 00:00:00+00:00,178.44000244140625,176.81800231933593,174.75100402832032,166.82150115966797,165.73300120035807,167.34160064697267,
2022-04-05 00:00:00+00:00,175.05999755859375,176.03800048828126,175.3750030517578,167.70250091552734,166.09100087483725,167.6104006958008,
2022-04-06 00:00:00+00:00,171.8300018310547,174.85,175.53700256347656,168.14650115966796,166.48300069173177,167.85140075683594,
2022-04-07 00:00:00+00:00,172.13999938964844,174.3559997558594,175.34400177001953,168.82750091552734,166.79633382161458,168.10040069580077,
2022-04-08 00:00:00+00:00,170.08999633789062,173.51199951171876,174.8810012817383,169.59550094604492,166.97100016276042,168.31780059814454,
2022-04-11 00:00:00+00:00,165.75,170.9739990234375,173.89600067138673,170.35200119018555,166.99200032552082,168.22620056152343,
2022-04-12 00:00:00+00:00,167.66000366210938,169.49400024414064,172.76600036621093,170.9805015563965,167.1406672159831,168.0838006591797,
2022-04-13 00:00:00+00:00,170.39999389648438,169.20799865722657,172.02899932861328,171.52100143432617,167.26866709391277,167.99960052490235,
2022-04-14 00:00:00+00:00,165.2899932861328,167.83799743652344,171.0969985961914,171.75450134277344,167.23733367919922,167.7886004638672,
2022-04-18 00:00:00+00:00,165.07000732421875,166.83399963378906,170.1729995727539,171.80900192260742,167.30066731770833,167.6320007324219,
2022-04-19 00:00:00+00:00,167.39999389648438,167.16399841308595,169.06899871826172,171.910001373291,167.57066701253254,167.5322006225586,
2022-04-20 00:00:00+00:00,167.22999572753906,167.07799682617187,168.28599853515624,171.83050079345702,167.89700012207032,167.4436004638672,
2022-04-21 00:00:00+00:00,166.4199981689453,166.28199768066406,167.7449981689453,171.64100036621093,168.01266682942708,167.275400390625,
2022-04-22 00:00:00+00:00,161.7899932861328,165.58199768066407,166.70999755859376,171.02699966430663,168.12166646321614,166.98560028076173,
2022-04-25 00:00:00+00:00,162.8800048828125,165.1439971923828,165.98899841308594,170.43499984741212,168.3933334350586,166.80080047607422,
2022-04-26 00:00:00+00:00,156.8000030517578,163.0239990234375,165.09399871826173,169.49499969482423,168.59933369954427,166.5640005493164,
2022-04-27 00:00:00+00:00,156.57000732421875,160.89200134277343,163.98499908447266,168.3754997253418,168.64866739908854,166.31780059814454,
2022-04-28 00:00:00+00:00,163.63999938964844,160.33600158691405,163.30899963378906,167.66899948120118,168.7836675008138,166.13480072021486,
2022-04-29 00:00:00+00:00,157.64999389648438,159.50800170898438,162.5449996948242,166.8209991455078,168.6846674601237,165.83680053710938,
2022-05-02 00:00:00+00:00,157.9600067138672,158.5240020751953,161.83399963378906,166.00349960327148,168.48400115966797,165.61840057373047,
2022-05-03 00:00:00+00:00,159.47999572753906,159.06000061035155,161.04199981689453,165.0554992675781,168.2873341878255,165.4620004272461,
2022-05-04 00:00:00+00:00,166.02000427246094,160.95,160.9210006713867,164.60349960327147,168.19400075276693,165.49600036621095,
2022-05-05 00:00:00+00:00,156.77000427246094,159.5760009765625,159.95600128173828,163.8504997253418,167.74600067138672,165.43000030517578,
2022-05-06 00:00:00+00:00,157.27999877929688,159.502001953125,159.5050018310547,163.1074996948242,167.18633371988932,165.32080017089845,
2022-05-09 00:00:00+00:00,152.05999755859375,158.3220001220703,158.42300109863282,162.20599975585938,166.43100026448568,165.065,
2022-05-10 00:00:00+00:00,154.50999450683594,157.3279998779297,158.19400024414062,161.64399948120118,165.72799987792968,164.85279998779296,
2022-05-11 00:00:00+00:00,146.5,153.4239990234375,157.18699951171874,160.58599929809571,164.6459996541341,164.51880004882813,
2022-05-12 00:00:00+00:00,142.55999755859375,150.58199768066407,155.0789993286133,159.19399948120116,163.4723327636719,164.03880004882814,
2022-05-13 00:00:00+00:00,147.11000061035156,148.547998046875,154.025,158.2849998474121,162.5556660970052,163.65640014648437,
2022-05-16 00:00:00+00:00,145.5399932861328,147.2439971923828,152.78299865722656,157.30849914550782,161.59666595458984,163.30380004882812,
2022-05-17 00:00:00+00:00,149.24000549316406,146.18999938964845,151.75899963378907,156.4004997253418,160.62333272298176,163.10260009765625,
2022-05-18 00:00:00+00:00,140.82000732421875,145.0540008544922,149.23899993896484,155.0800003051758,159.48199971516928,162.7702001953125,
2022-05-19 00:00:00+00:00,137.35000610351562,144.01200256347656,147.2970001220703,153.6265007019043,158.3326665242513,162.25820037841797,
2022-05-20 00:00:00+00:00,137.58999633789062,142.10800170898438,145.3279998779297,152.4165008544922,157.18099975585938,161.83960021972655,
2022-05-23 00:00:00+00:00,143.11000061035156,141.62200317382812,144.43300018310546,151.42800064086913,156.28166656494142,161.60720031738282,
2022-05-24 00:00:00+00:00,140.36000061035156,139.84600219726562,143.01800079345702,150.60600051879882,155.43533325195312,161.4020004272461,
2022-05-25 00:00:00+00:00,140.52000427246094,139.78600158691407,142.4200012207031,149.80350036621093,154.53066660563152,161.1106005859375,164.3734002685547
2022-05-26 00:00:00+00:00,143.77999877929688,141.0720001220703,142.54200134277343,148.81050033569335,153.6433334350586,160.79440063476562,163.9911003112793
2022-05-27 00:00:00+00:00,149.63999938964844,143.48200073242188,142.7950012207031,148.41000061035157,153.12166697184244,160.57480072021485,163.69050033569337
2022-05-31 00:00:00+00:00,148.83999633789062,144.62799987792968,143.1250015258789,147.95400009155273,152.5806666056315,160.27200073242187,163.4297003173828
2022-06-01 00:00:00+00:00,148.7100067138672,146.29800109863282,143.0720016479492,147.41550064086914,151.9576670328776,159.93860076904298,163.19680038452148
2022-06-02 00:00:00+00:00,151.2100067138672,148.43600158691407,144.11100158691406,146.67500076293945,151.42366739908854,159.58640075683593,162.9872004699707
2022-06-03 00:00:00+00:00,145.3800048828125,148.7560028076172,144.91400146484375,146.10550079345703,150.7223342895508,159.08980072021484,162.71910049438478
2022-06-06 00:00:00+00:00,146.13999938964844,148.05600280761718,145.76900177001954,145.54850082397462,150.20066782633464,158.53120056152343,162.4297004699707
2022-06-07 00:00:00+00:00,148.7100067138672,148.0300048828125,146.3290023803711,145.3810012817383,149.72833455403645,158.0110006713867,162.1615005493164
2022-06-08 00:00:00+00:00,147.9600067138672,147.8800048828125,147.08900299072266,145.05350189208986,149.4336680094401,157.45820068359376,161.91920059204102
2022-06-09 00:00:00+00:00,142.63999938964844,146.16600341796874,147.3010025024414,144.86050186157226,148.9693344116211,156.73180053710936,161.6149005126953
2022-06-10 00:00:00+00:00,137.1300048828125,144.51600341796876,146.63600311279296,144.5890022277832,148.0856679280599,155.9190005493164,161.28820053100586
2022-06-13 00:00:00+00:00,131.8800048828125,141.66400451660155,144.86000366210936,143.82750244140624,147.22666829427084,155.06440063476563,160.9447006225586
2022-06-14 00:00:00+00:00,132.75999450683594,138.4740020751953,143.25200347900392,143.1885025024414,146.38666788736978,154.23340057373048,160.6272006225586
2022-06-15 00:00:00+00:00,135.42999267578125,135.96799926757814,141.92400207519532,142.49800186157228,145.58500111897786,153.37320037841798,160.3574005126953
2022-06-16 00:00:00+00:00,130.05999755859375,133.45199890136718,139.80900115966796,141.96000137329102,144.38633422851564,152.47320037841797,160.04180053710937
2022-06-17 00:00:00+00:00,131.55999755859375,132.33799743652344,138.4270004272461,141.6705009460449,143.5460006713867,151.66780029296876,159.75960052490234
2022-06-21 00:00:00+00:00,135.8699951171875,133.13599548339843,137.4,141.58450088500976,142.83233388264975,150.94240020751954,159.52140045166016
2022-06-22 00:00:00+00:00,135.35000610351562,133.65399780273438,136.06399993896486,141.19650115966797,142.27533416748048,150.24760040283203,159.2827005004883
2022-06-23 00:00:00+00:00,138.27000427246094,134.2220001220703,135.09499969482422,141.09200134277344,141.73400115966797,149.69800048828125,158.96210052490235
2022-06-24 00:00:00+00:00,141.66000366210938,136.54200134277343,134.99700012207032,141.14900131225585,141.57266794840496,149.17800048828124,158.63090057373046
2022-06-27 00:00:00+00:00,141.66000366210938,138.56200256347657,135.45,141.0430015563965,141.54266815185548,148.60320068359374,158.30140060424804
2022-06-28 00:00:00+00:00,137.44000244140625,138.87600402832032,136.00599975585936,140.43300170898436,141.2203348795573,148.04620086669922,157.9174006652832
2022-06-29 00:00:00+00:00,139.22999572753906,139.652001953125,136.6529998779297,139.9525016784668,141.01000162760417,147.52940063476564,157.58070068359376
2022-06-30 00:00:00+00:00,136.72000122070312,139.34200134277344,136.78200073242186,139.3530014038086,140.59266815185546,146.91580078125,157.2240007019043
2022-07-01 00:00:00+00:00,138.92999267578125,138.7959991455078,137.66900024414062,138.7390007019043,140.52966766357423,146.34980072021483,156.89670059204101
2022-07-05 00:00:00+00:00,141.55999755859375,138.7759979248047,138.66900024414062,138.54800033569336,140.6700007120768,145.8526007080078,156.5640005493164
2022-07-06 00:00:00+00:00,142.9199981689453,139.8719970703125,139.3740005493164,138.3870002746582,140.84766743977863,145.47520080566406,156.23040054321288
2022-07-07 00:00:00+00:00,146.35000610351562,141.2959991455078,140.4740005493164,138.2690002441406,140.9556676228841,145.14460083007813,155.97270065307617
2022-07-08 00:00:00+00:00,147.0399932861328,143.35999755859376,141.3509994506836,138.2229995727539,141.17833404541017,144.94940063476562,155.75670059204103
2022-07-11 00:00:00+00:00,144.8699951171875,144.547998046875,141.6719985961914,138.33449935913086,141.32333374023438,144.715400390625,155.51660049438476
2022-07-12 00:00:00+00:00,145.86000061035156,145.40799865722656,142.0919982910156,138.7709991455078,141.39266713460287,144.35980041503908,155.24730056762695
2022-07-13 00:00:00+00:00,145.49000549316406,145.9220001220703,142.8969985961914,139.45149917602538,141.25433400472005,144.11660064697264,154.97670059204103
2022-07-14 00:00:00+00:00,148.47000122070312,146.34599914550782,143.8209991455078,140.23699951171875,141.24200083414715,143.9268005371094,154.77260055541993
2022-07-15 00:00:00+00:00,150.1699981689453,146.9720001220703,145.16599884033204,140.97399978637696,141.29066721598306,143.7406005859375,154.6013005065918
2022-07-18 00:00:00+00:00,147.07000732421875,147.41200256347656,145.9800003051758,141.8245002746582,141.1526672363281,143.36160064697265,154.42880050659178
2022-07-19 00:00:00+00:00,151.0,148.44000244140625,146.92400054931642,142.7965003967285,141.34000040690105,143.24620056152344,154.3381004333496
2022-07-20 00:00:00+00:00,153.0399932861328,149.95,147.93600006103514,143.65500030517578,141.57000020345052,143.16140045166014,154.2411003112793
2022-07-21 00:00:00+00:00,155.35000610351562,151.3260009765625,148.83600006103515,144.65500030517578,141.7913335164388,143.2272006225586,154.1461003112793
2022-07-22 00:00:00+00:00,154.08999633789062,152.11000061035156,149.54100036621094,145.44599990844728,141.99566650390625,143.2188006591797,154.03580032348634
2022-07-25 00:00:00+00:00,152.9499969482422,153.28599853515624,150.3490005493164,146.0104995727539,142.3393330891927,143.34780059814454,153.93330032348632
2022-07-26 00:00:00+00:00,151.60000610351562,153.40599975585937,150.92300109863282,146.50749969482422,142.82166646321613,143.52860076904298,153.78370040893554
2022-07-27 00:00:00+00:00,156.7899932861328,154.15599975585937,152.0529998779297,147.47499923706056,143.6519994099935,143.7222006225586,153.6893003845215
2022-07-28 00:00:00+00:00,157.35000610351562,154.55599975585938,152.94100036621094,148.38099975585936,144.47166646321614,143.95840087890625,153.6311004638672
2022-07-29 00:00:00+00:00,162.50999450683594,156.23999938964843,154.175,149.670499420166,145.37433319091798,144.2238006591797,153.66320037841797
2022-08-01 00:00:00+00:00,161.50999450683594,157.95199890136718,155.6189987182617,150.79949951171875,146.42266642252605,144.63760040283202,153.70390029907227
2022-08-02 00:00:00+00:00,160.00999450683594,159.63399658203124,156.5199981689453,151.72199935913085,147.37099965413412,145.09080017089843,153.67450027465821
2022-08-03 00:00:00+00:00,166.1300048828125,161.5019989013672,157.8289993286133,152.88249969482422,148.37966664632162,145.66160034179688,153.75060028076172
2022-08-04 00:00:00+00:00,165.80999755859375,163.19399719238282,158.8749984741211,153.85549926757812,149.3949996948242,146.11560028076173,153.86140029907227
2022-08-05 00:00:00+00:00,165.35000610351562,163.76199951171876,160.0009994506836,154.77099990844727,150.29766642252605,146.615400390625,154.00870040893554
2022-08-08 00:00:00+00:00,164.8699951171875,164.43399963378906,161.19299926757813,155.77099990844727,151.071332804362,147.10240020751954,154.1065003967285
2022-08-09 00:00:00+00:00,164.9199981689453,165.41600036621094,162.5249984741211,156.72399978637696,151.84666595458984,147.5252001953125,154.15980041503906
2022-08-10 00:00:00+00:00,169.24000549316406,166.03800048828126,163.7699996948242,157.91149978637696,152.90666605631512,147.91720031738282,154.24600051879884
2022-08-11 00:00:00+00:00,168.49000549316406,166.57400207519532,164.88399963378907,158.9125,153.88199971516926,148.3102005004883,154.29110061645508
2022-08-12 00:00:00+00:00,172.10000610351562,167.92400207519532,165.84300079345704,160.0090003967285,155.06133321126302,148.77800048828124,154.3583006286621
2022-08-15 00:00:00+00:00,173.19000244140625,169.58800354003907,167.01100158691406,161.31500015258788,156.20333353678384,149.21760040283203,154.40200057983398
2022-08-16 00:00:00+00:00,173.02999877929688,171.2100036621094,168.31300201416016,162.41650009155273,157.25233357747396,149.77060028076173,154.43020050048827
2022-08-17 00:00:00+00:00,174.5500030517578,172.27200317382812,169.15500183105468,163.49200057983398,158.3066670735677,150.3388003540039,154.43500045776366
2022-08-18 00:00:00+00:00,174.14999389648438,173.40400085449218,169.98900146484374,164.43199996948243,159.23333333333332,150.84760009765625,154.4293003845215
2022-08-19 00:00:00+00:00,171.52000427246094,173.28800048828126,170.6060012817383,165.30350036621093,160.04933369954426,151.31880004882814,154.38850036621093
2022-08-22 00:00:00+00:00,167.57000732421875,172.16400146484375,170.8760025024414,166.03450088500978,160.80600077311198,151.81740020751954,154.27460037231447
2022-08-23 00:00:00+00:00,167.22999572753906,171.00400085449218,171.10700225830078,166.81600036621094,161.5183339436849,152.41940002441407,154.16920028686525
2022-08-24 00:00:00+00:00,167.52999877929688,169.6,170.93600158691407,167.35300064086914,162.25300038655598,153.13239990234376,154.09840026855468
2022-08-25 00:00:00+00:00,170.02999877929688,168.7760009765625,171.09000091552736,167.98700027465821,162.97166697184244,153.87779998779297,154.05560028076172
2022-08-26 00:00:00+00:00,163.6199951171875,167.1959991455078,170.24199981689452,168.0425003051758,163.4200002034505,154.44160003662108,153.90740020751954
2022-08-29 00:00:00+00:00,161.3800048828125,165.95799865722657,169.06100006103514,168.0360008239746,163.89700012207032,155.06800018310548,153.77060028076173
2022-08-30 00:00:00+00:00,158.91000366210938,164.29400024414062,167.6490005493164,167.9810012817383,164.1606669108073,155.61500030517578,153.64140029907227
2022-08-31 00:00:00+00:00,157.22000122070312,162.23200073242188,165.91600036621094,167.5355010986328,164.3000005086263,156.04200042724608,153.4922003173828
2022-09-01 00:00:00+00:00,157.9600067138672,159.81800231933593,164.29700164794923,167.14300155639648,164.38700052897136,156.49420043945312,153.37090042114258
2022-09-02 00:00:00+00:00,155.80999755859375,158.2560028076172,162.7260009765625,166.6660011291504,164.4443339029948,156.84500030517577,153.27150039672853
2022-09-06 00:00:00+00:00,154.52999877929688,156.88600158691406,161.4220001220703,166.14900131225585,164.49700063069662,157.10240020751954,153.1402003479004
2022-09-07 00:00:00+00:00,155.9600067138672,156.29600219726564,160.2950012207031,165.70100173950195,164.642333984375,157.38840026855468,152.9958004760742
2022-09-08 00:00:00+00:00,154.4600067138672,155.74400329589844,158.98800201416014,164.9620018005371,164.56466776529948,157.7288003540039,152.88750061035157
2022-09-09 00:00:00+00:00,157.3699951171875,155.6260009765625,157.7220016479492,164.40600128173827,164.5653340657552,158.09160034179686,152.81050048828126
2022-09-12 00:00:00+00:00,163.42999267578125,157.15,157.7030014038086,163.97250061035157,164.59600067138672,158.62580017089843,152.7708004760742
2022-09-13 00:00:00+00:00,153.83999633789062,157.01199951171876,156.9490005493164,163.00500030517577,164.3403340657552,158.92400024414061,152.63690048217774
2022-09-14 00:00:00+00:00,155.30999755859375,156.88199768066406,156.58899993896483,162.11900024414064,164.1836675008138,159.19900024414062,152.5258004760742
2022-09-15 00:00:00+00:00,152.3699951171875,156.46399536132813,156.10399932861327,161.0099998474121,163.7250005086263,159.38800018310548,152.43160049438475
2022-09-16 00:00:00+00:00,150.6999969482422,155.12999572753907,155.37799835205078,159.8375,163.2213338216146,159.475,152.30980041503906
2022-09-19 00:00:00+00:00,154.47999572753906,153.33999633789062,155.2449981689453,158.9854995727539,162.85900014241537,159.62380004882812,152.28660034179688
2022-09-20 00:00:00+00:00,156.89999389648438,153.95199584960938,155.48199768066405,158.45199890136718,162.59333343505858,159.86440002441407,152.28990020751954
2022-09-21 00:00:00+00:00,153.72000122070312,153.63399658203124,155.25799713134765,157.7764991760254,162.22000020345052,160.0216000366211,152.19070022583008
2022-09-22 00:00:00+00:00,152.74000549316406,153.70799865722657,155.08599700927735,157.03699951171876,161.6700002034505,160.1666000366211,152.14160034179687
2022-09-23 00:00:00+00:00,150.42999267578125,153.65399780273438,154.39199676513672,156.05699920654297,161.06799977620443,160.20579986572267,152.06630020141603
2022-09-26 00:00:00+00:00,150.77000427246094,152.91199951171876,153.1259979248047,155.41449966430665,160.35699971516928,160.21779998779297,151.97920028686522
2022-09-27 00:00:00+00:00,151.75999450683594,151.88399963378907,152.91799774169922,154.93349914550782,159.64266611735027,160.3115997314453,151.83660018920898
2022-09-28 00:00:00+00:00,149.83999633789062,151.10799865722657,152.3709976196289,154.47999877929686,158.86966603597006,160.28839965820313,151.76730010986327
2022-09-29 00:00:00+00:00,142.47999572753906,149.05599670410157,151.38199768066406,153.74299850463868,157.80066579182943,160.07719970703124,151.6193000793457
2022-09-30 00:00:00+00:00,138.1999969482422,146.60999755859376,150.13199768066406,152.75499801635743,156.60233256022136,159.73419952392578,151.4807000732422
2022-10-03 00:00:00+00:00,142.4499969482422,144.94599609375,148.9289978027344,152.08699798583984,155.63333231608073,159.50139953613282,151.36010009765624
2022-10-04 00:00:00+00:00,146.10000610351562,143.81399841308593,147.8489990234375,151.66549835205078,154.91766560872395,159.3643997192383,151.35610015869142
2022-10-05 00:00:00+00:00,146.39999389648438,143.1259979248047,147.11699829101562,151.18749771118163,154.22333221435548,159.26039947509764,151.39450012207033
2022-10-06 00:00:00+00:00,145.42999267578125,143.71599731445312,146.38599700927733,150.73599700927736,153.48666534423828,159.03319946289062,151.3777000427246
2022-10-07 00:00:00+00:00,140.08999633789062,144.0939971923828,145.35199737548828,149.8719970703125,152.48866526285806,158.68799926757814,151.3232000732422
2022-10-10 00:00:00+00:00,140.4199981689453,143.68799743652343,144.3169967651367,148.72149734497071,151.71533203125,158.2461993408203,151.235
2022-10-11 00:00:00+00:00,138.97999572753906,142.2639953613281,143.03899688720702,147.97849731445314,150.96866505940756,157.79559936523438,151.2165998840332
2022-10-12 00:00:00+00:00,138.33999633789062,140.65199584960936,141.88899688720704,147.12999725341797,150.28299814860026,157.36219940185546,151.22649978637696
2022-10-13 00:00:00+00:00,142.99000549316406,140.16399841308595,141.93999786376952,146.6609977722168,149.80866495768228,156.8993994140625,151.28049987792969
2022-10-14 00:00:00+00:00,138.3800048828125,139.8220001220703,141.95799865722657,146.0449981689453,149.15599822998047,156.35079956054688,151.2331999206543
2022-10-17 00:00:00+00:00,142.41000366210938,140.22000122070312,141.9539993286133,145.44149856567384,148.70933176676434,155.89199951171875,151.25369995117188
2022-10-18 00:00:00+00:00,143.75,141.17400207519532,141.71899871826173,144.78399887084962,148.3499984741211,155.469599609375,151.28599990844725
2022-10-19 00:00:00+00:00,143.86000061035156,142.2780029296875,141.46499938964843,144.29099884033204,147.94666493733723,155.04839965820312,151.28679992675782
2022-10-20 00:00:00+00:00,143.38999938964844,142.35800170898438,141.26100006103516,143.82349853515626,147.57766469319662,154.53139953613282,151.22429992675782
2022-10-21 00:00:00+00:00,147.27000427246094,144.13600158691406,141.9790008544922,143.66549911499024,147.24099833170573,154.10699951171875,151.20860000610352
2022-10-24 00:00:00+00:00,149.4499969482422,145.54400024414062,142.8820007324219,143.5994987487793,146.7749984741211,153.65399932861328,151.21599990844726
2022-10-25 00:00:00+00:00,152.33999633789062,147.26199951171876,144.21800079345704,143.62849884033204,146.7249984741211,153.23699920654298,151.2272998046875
2022-10-26 00:00:00+00:00,149.35000610351562,148.36000061035156,145.31900177001953,143.60399932861327,146.52633209228514,152.76339935302735,151.26699981689453
2022-10-27 00:00:00+00:00,144.8000030517578,148.64200134277343,145.5000015258789,143.71999969482422,146.2739990234375,152.16839935302735,151.25359985351562
2022-10-28 00:00:00+00:00,155.74000549316406,150.33600158691405,147.23600158691406,144.5970001220703,146.44199930826824,151.80019958496095,151.3238998413086
2022-10-31 00:00:00+00:00,153.33999633789062,151.11400146484374,148.3290008544922,145.14150009155273,146.40399932861328,151.43659942626954,151.37769973754882
2022-11-01 00:00:00+00:00,150.64999389648438,150.7760009765625,149.0190002441406,145.36899948120117,146.19566599527994,151.09819915771484,151.45779968261718
2022-11-02 00:00:00+00:00,145.02999877929688,149.91199951171876,149.13600006103516,145.3004997253418,145.90599924723307,150.65419921875,151.53679962158202
2022-11-03 00:00:00+00:00,138.8800048828125,148.72799987792968,148.68500061035155,144.97300033569337,145.44399922688802,150.08119934082032,151.60679962158204
2022-11-04 00:00:00+00:00,138.3800048828125,145.25599975585936,147.7960006713867,144.88750076293945,145.0423329671224,149.4481994628906,151.6629997253418
2022-11-07 00:00:00+00:00,138.9199981689453,142.37200012207032,146.74300079345704,144.81250076293946,144.64733276367187,148.95419952392578,151.69789978027345
2022-11-08 00:00:00+00:00,139.5,140.14200134277343,145.45900115966796,144.8385009765625,144.23866628011066,148.51659942626952,151.7922998046875
2022-11-09 00:00:00+00:00,134.8699951171875,138.11000061035156,144.01100006103516,144.66500091552734,143.7396662394206,148.0357992553711,151.82539978027344
2022-11-10 00:00:00+00:00,146.8699951171875,139.70799865722657,144.21799926757814,144.8590003967285,143.88599955240886,147.82879913330078,151.93539978027343
2022-11-11 00:00:00+00:00,149.6999969482422,141.9719970703125,143.61399841308594,145.425,144.2693328857422,147.66359893798827,152.0788996887207
2022-11-14 00:00:00+00:00,148.27999877929688,143.8439971923828,143.10799865722657,145.71849975585937,144.4636662801107,147.51299896240235,152.17899963378906
2022-11-15 00:00:00+00:00,150.0399932861328,145.95199584960938,143.0469985961914,146.03299942016602,144.59499918619792,147.42319885253906,152.2627995300293
2022-11-16 00:00:00+00:00,148.7899932861328,148.73599548339843,143.422998046875,146.27949905395508,144.67466583251954,147.2797985839844,152.33409942626952
2022-11-17 00:00:00+00:00,150.72000122070312,149.50599670410156,144.60699768066405,146.6459991455078,144.8509994506836,147.20499847412108,152.4668994140625
2022-11-18 00:00:00+00:00,151.2899932861328,149.8239959716797,145.8979965209961,146.8469985961914,145.22433268229167,147.0833984375,152.58749938964843
2022-11-21 00:00:00+00:00,148.00999450683594,149.7699951171875,146.80699615478517,146.7749984741211,145.47733256022136,146.7749984741211,152.70039932250975
2022-11-22 00:00:00+00:00,150.17999267578125,149.7979949951172,147.87499542236327,146.66699829101563,145.8506657918294,146.7017984008789,152.81289932250976
2022-11-23 00:00:00+00:00,151.07000732421875,150.25399780273438,149.4949966430664,146.75299835205078,146.2749994913737,146.6169985961914,152.90799942016602
2022-11-25 00:00:00+00:00,148.11000061035156,149.73199768066405,149.6189971923828,146.91849822998046,146.44566599527994,146.5317987060547,152.9598994445801
2022-11-28 00:00:00+00:00,144.22000122070312,148.31799926757813,149.0709976196289,146.3424980163574,146.6403325398763,146.4021987915039,152.93859939575196
2022-11-29 00:00:00+00:00,141.1699981689453,146.95,148.35999755859376,145.73399810791017,146.5989990234375,146.13599884033204,152.87989944458008
2022-11-30 00:00:00+00:00,148.02999877929688,146.52000122070314,148.15899810791015,145.60299835205078,146.74166564941407,145.95859893798828,152.91149948120116
2022-12-01 00:00:00+00:00,148.30999755859375,145.96799926757814,148.11099853515626,145.76699829101562,146.88999888102214,145.8503988647461,152.9359994506836
2022-12-02 00:00:00+00:00,147.80999755859375,145.90799865722656,147.81999816894532,146.2134979248047,147.0373321533203,145.7517987060547,152.9591993713379
2022-12-05 00:00:00+00:00,146.6300048828125,146.38999938964844,147.35399932861327,146.6259979248047,147.01599884033203,145.67579895019531,152.940799407959
2022-12-06 00:00:00+00:00,142.91000366210938,146.73800048828124,146.84400024414063,146.82549819946288,146.7979990641276,145.5185989379883,152.86819946289063
2022-12-07 00:00:00+00:00,140.94000244140625,145.32000122070312,145.9200012207031,146.8974983215332,146.41799926757812,145.3021990966797,152.8068994140625
2022-12-08 00:00:00+00:00,142.64999389648438,144.18800048828126,145.0779998779297,147.28649826049804,146.19466552734374,145.15839904785156,152.72339935302733
2022-12-09 00:00:00+00:00,142.16000366210938,143.05800170898436,144.48300018310547,147.05099868774414,146.1066655476888,145.15199920654297,152.61459945678712
2022-12-12 00:00:00+00:00,144.49000549316406,142.6300018310547,144.51000061035157,146.79049911499024,145.7316655476888,145.2777993774414,152.5059994506836
2022-12-13 00:00:00+00:00,145.47000122070312,143.14200134277343,144.94000091552735,146.64999923706054,145.46933237711588,145.33819946289063,152.41979949951173
2022-12-14 00:00:00+00:00,143.2100067138672,143.59600219726562,144.45800170898437,146.30849990844726,145.221332804362,145.28039947509765,152.32239959716796
2022-12-15 00:00:00+00:00,136.5,142.36600341796876,143.277001953125,145.69400024414062,144.93699951171874,145.08239959716798,152.1713995361328
2022-12-16 00:00:00+00:00,134.50999450683594,140.83600158691405,141.9470016479492,144.88349990844728,144.7913324991862,144.86399963378906,151.94859954833984
2022-12-19 00:00:00+00:00,132.3699951171875,138.41199951171876,140.52100067138673,143.9375,144.59099884033202,144.709599609375,151.69879943847656
2022-12-20 00:00:00+00:00,132.3000030517578,135.7779998779297,139.46000061035156,143.1520004272461,144.37033233642578,144.54719970703124,151.39669952392578
2022-12-21 00:00:00+00:00,135.4499969482422,134.2259979248047,138.91100006103517,142.41550064086914,144.2353322347005,144.4765997314453,151.13609954833984
2022-12-22 00:00:00+00:00,132.22999572753906,133.3719970703125,137.86900024414064,141.47350006103517,144.14733225504557,144.35439971923827,150.85829956054687
2022-12-23 00:00:00+00:00,131.86000061035156,132.8419982910156,136.83899993896483,140.66100006103517,143.6469991048177,144.13179962158202,150.51559951782227
2022-12-27 00:00:00+00:00,130.02999877929688,132.3739990234375,135.39299926757812,139.95149993896484,142.9913324991862,143.9647994995117,150.1577995300293
2022-12-28 00:00:00+00:00,126.04000091552734,131.12199859619142,133.44999923706055,139.19500007629395,142.24999923706054,143.63739944458007,149.76469947814942
2022-12-29 00:00:00+00:00,129.61000061035156,129.9539993286133,132.089998626709,138.27400016784668,141.56899948120116,143.3545994567871,149.41209953308106
2022-12-30 00:00:00+00:00,129.92999267578125,129.4939987182617,131.4329978942871,137.35499992370606,140.94033279418946,143.0759992980957,149.0621994781494
2023-01-03 00:00:00+00:00,125.06999969482422,128.13599853515626,130.48899841308594,136.21800003051757,140.08533274332683,142.70959930419923,148.62049942016603
2023-01-04 00:00:00+00:00,126.36000061035156,127.4019989013672,129.88799896240235,135.20449981689453,139.25433298746745,142.29139923095704,148.1991993713379
2023-01-05 00:00:00+00:00,125.0199966430664,127.197998046875,129.1599983215332,134.30999946594238,138.4879997253418,141.80279922485352,147.7283992767334
2023-01-06 00:00:00+00:00,129.6199951171875,127.19999694824219,128.57699813842774,133.74399909973144,137.80266647338868,141.34839920043945,147.29269920349122
2023-01-09 00:00:00+00:00,130.14999389648438,127.2439971923828,128.36899795532227,133.11899909973144,137.1053326924642,140.96439895629882,146.86389915466307
2023-01-10 00:00:00+00:00,130.72999572753906,128.3759963989258,128.25599746704103,132.54749870300293,136.52599919637044,140.68299880981445,146.4256990814209
2023-01-11 00:00:00+00:00,133.49000549316406,129.80199737548827,128.60199813842775,131.99749870300292,136.16833267211913,140.23799880981446,146.0190991973877
2023-01-12 00:00:00+00:00,133.41000366210938,131.47999877929686,129.33899841308593,131.39449882507324,135.90966618855794,139.83939895629882,145.63799919128417
2023-01-13 00:00:00+00:00,134.75999450683594,132.50799865722655,129.85399780273437,130.97199821472168,135.46733271280925,139.52159896850586,145.30989906311035
2023-01-17 00:00:00+00:00,135.94000244140625,133.66600036621094,130.4549987792969,130.943998336792,135.05499954223632,139.33979904174805,144.99699913024904
2023-01-18 00:00:00+00:00,135.2100067138672,134.56200256347657,131.46899948120117,130.97899894714357,134.6349998474121,139.26639907836915,144.67379920959473
2023-01-19 00:00:00+00:00,135.27000427246094,134.91800231933593,132.3599998474121,131.12399940490724,134.2563331604004,139.20419906616212,144.32619926452637
2023-01-20 00:00:00+00:00,137.8699951171875,135.81000061035155,133.6449996948242,131.40249900817872,134.08833287556965,139.18319900512697,144.06869926452637
2023-01-23 00:00:00+00:00,141.11000061035156,137.0800018310547,134.79400024414062,131.68549919128418,134.09399948120117,139.215399017334,143.86599922180176
2023-01-24 00:00:00+00:00,142.52999877929688,138.39800109863282,136.03200073242186,132.20049934387208,134.0899996439616,139.36859909057617,143.70219917297362
2023-01-25 00:00:00+00:00,141.86000061035156,139.72799987792968,137.14500122070314,132.70049934387208,134.07999954223632,139.26839920043946,143.5485991668701
2023-01-26 00:00:00+00:00,143.9600067138672,141.46600036621095,138.19200134277344,133.3969997406006,134.06233291625978,139.15359939575194,143.40859916687012
2023-01-27 00:00:00+00:00,145.92999267578125,143.0779998779297,139.44400024414062,134.3914993286133,134.07766596476236,139.10659927368164,143.30979911804198
2023-01-30 00:00:00+00:00,143.0,143.45599975585938,140.26800079345702,135.0609992980957,134.0706657409668,138.965799407959,143.19449913024903
2023-01-31 00:00:00+00:00,144.2899932861328,143.80799865722656,141.10299987792968,135.77899932861328,134.3303321838379,138.875799407959,143.07779899597168
2023-02-01 00:00:00+00:00,145.42999267578125,144.5219970703125,142.1249984741211,136.79699897766113,134.69433212280273,138.76999923706055,142.98749885559081
2023-02-02 00:00:00+00:00,150.82000732421875,145.8939971923828,143.67999877929688,138.0199993133545,135.30933252970377,138.76059951782227,142.92199897766113
2023-02-03 00:00:00+00:00,154.5,147.60799865722657,145.34299926757814,139.49399948120117,136.04933242797853,138.89039962768555,142.83269905090333
2023-02-06 00:00:00+00:00,151.72999572753906,149.35399780273437,146.40499877929688,140.59949951171876,136.59199905395508,138.9213996887207,142.8115990447998
2023-02-07 00:00:00+00:00,154.64999389648438,151.42599792480468,147.61699829101562,141.82449951171876,137.33933232625324,138.99299942016603,142.8049990081787
2023-02-08 00:00:00+00:00,151.9199981689453,152.7239990234375,148.622998046875,142.88399963378907,138.00799891153972,139.0691993713379,142.8004990386963
2023-02-09 00:00:00+00:00,150.8699951171875,152.73399658203124,149.31399688720703,143.75299911499025,138.70266545613606,139.20219924926758,142.80219902038573
2023-02-10 00:00:00+00:00,151.00999450683594,152.03599548339844,149.8219970703125,144.63299865722655,139.53499857584634,139.3989991760254,142.7674990081787
2023-02-13 00:00:00+00:00,153.85000610351562,152.45999755859376,150.90699768066406,145.58749923706054,140.34299875895184,139.51539932250978,142.73699913024902
2023-02-14 00:00:00+00:00,153.1999969482422,152.1699981689453,151.797998046875,146.45049896240235,141.11866556803386,139.61319931030275,142.73179908752442
2023-02-15 00:00:00+00:00,155.3300018310547,152.85199890136718,152.78799896240236,147.4564987182617,142.1273323059082,139.76359939575195,142.7576990509033
2023-02-16 00:00:00+00:00,153.7100067138672,153.4200012207031,153.07699890136718,148.37849884033204,143.03899917602538,139.90519943237305,142.79049919128417
2023-02-17 00:00:00+00:00,152.5500030517578,153.7280029296875,152.88199920654296,149.11249923706055,143.9566660563151,140.09799942016602,142.80829917907715
2023-02-21 00:00:00+00:00,148.47999572753906,152.65400085449218,152.55699920654297,149.48099899291992,144.58533274332683,140.24879928588868,142.77549919128418
2023-02-22 00:00:00+00:00,148.91000366210938,151.79600219726564,151.98300018310547,149.79999923706055,145.21066640218098,140.37399948120117,142.76619926452636
2023-02-23 00:00:00+00:00,149.39999389648438,150.61000061035156,151.7309997558594,150.1769989013672,145.83299967447917,140.51879928588866,142.83539924621581
2023-02-24 00:00:00+00:00,146.7100067138672,149.21000061035156,151.31500091552735,150.3144989013672,146.27366638183594,140.56319931030274,142.92049934387208
2023-02-27 00:00:00+00:00,147.9199981689453,148.28399963378905,151.0060012817383,150.41399917602538,146.75733286539713,140.61219924926758,142.9751993560791
2023-02-28 00:00:00+00:00,147.41000366210938,148.07000122070312,150.36200103759765,150.63449935913087,147.1789998372396,140.6961991882324,142.98829933166505
2023-03-01 00:00:00+00:00,145.30999755859375,147.35,149.5730010986328,150.6854995727539,147.4913330078125,140.8723991394043,142.97739936828614
2023-03-02 00:00:00+00:00,145.91000366210938,146.652001953125,148.6310012817383,150.70950012207032,147.8479995727539,141.10039932250976,142.98219947814943
2023-03-03 00:00:00+00:00,151.02999877929688,147.51600036621093,148.36300048828124,150.71999969482422,148.37333272298176,141.47359939575196,143.09159950256347
2023-03-06 00:00:00+00:00,153.8300018310547,148.6980010986328,148.49100036621093,150.68649978637694,148.90533294677735,141.90419937133788,143.22569953918457
2023-03-07 00:00:00+00:00,151.60000610351562,149.53600158691407,148.8030014038086,150.68000030517578,149.25499979654947,142.22719955444336,143.35189964294435
2023-03-08 00:00:00+00:00,152.8699951171875,151.04800109863282,149.1990005493164,150.59100036621095,149.59966634114582,142.63999954223632,143.4971996307373
2023-03-09 00:00:00+00:00,150.58999633789062,151.98399963378907,149.31800079345703,150.5245002746582,149.89066619873046,143.0145994567871,143.57319953918457
2023-03-10 00:00:00+00:00,148.5,151.47799987792968,149.49700012207032,150.40600051879883,150.04199930826823,143.38399948120116,143.67439949035645
2023-03-13 00:00:00+00:00,150.47000122070312,150.80599975585938,149.7520004272461,150.37900085449218,150.1933329264323,143.87259948730468,143.75499946594238
2023-03-14 00:00:00+00:00,152.58999633789062,151.00399780273438,150.2699996948242,150.31600036621094,150.51299947102865,144.33219940185546,143.8433994293213
2023-03-15 00:00:00+00:00,152.99000549316406,151.0279998779297,151.03800048828126,150.30550079345704,150.8029998779297,144.79339965820313,143.9346994781494
2023-03-16 00:00:00+00:00,155.85000610351562,152.0800018310547,152.03200073242186,150.33150100708008,151.15033365885418,145.40899978637697,144.0592995452881
2023-03-17 00:00:00+00:00,155.0,153.3800018310547,152.4290008544922,150.39600067138673,151.28966674804687,145.98179977416993,144.13659950256348
2023-03-20 00:00:00+00:00,157.39999389648438,154.76600036621093,152.78600006103517,150.63850021362305,151.386333211263,146.62939971923828,144.2160994720459
2023-03-21 00:00:00+00:00,159.27999877929688,156.1040008544922,153.5539993286133,151.17850036621093,151.63799997965495,147.22259979248048,144.28549949645995
2023-03-22 00:00:00+00:00,157.8300018310547,157.0720001220703,154.05,151.6245002746582,151.74400024414064,147.77619995117186,144.37029945373536
2023-03-23 00:00:00+00:00,158.92999267578125,157.68799743652343,154.88399963378907,152.10100021362305,151.97766672770183,148.34019989013672,144.5115993499756
2023-03-24 00:00:00+00:00,160.25,158.73799743652344,156.05899963378906,152.7779998779297,152.29033355712892,148.87539978027343,144.55669929504396
2023-03-27 00:00:00+00:00,158.27999877929688,158.91399841308595,156.83999938964843,153.29599990844727,152.5326670328776,149.3727996826172,144.606099319458
2023-03-28 00:00:00+00:00,157.64999389648438,158.58799743652344,157.34599914550782,153.80799942016603,152.65933329264323,149.83059967041015,144.67609931945802
2023-03-29 00:00:00+00:00,160.77000427246094,159.17599792480468,158.1239990234375,154.58099975585938,152.9116668701172,150.32719970703124,144.83349937438965
2023-03-30 00:00:00+00:00,162.36000061035156,159.86199951171875,158.7749984741211,155.40349960327148,153.14600016276043,150.87019958496094,145.06829933166503
2023-03-31 00:00:00+00:00,164.89999389648438,160.79199829101563,159.76499786376954,156.09699935913085,153.5189997355143,151.4627993774414,145.33349922180176
2023-04-03 00:00:00+00:00,166.1699981689453,162.3699981689453,160.64199829101562,156.7139991760254,153.9729995727539,152.02879943847657,145.60599922180177
2023-04-04 00:00:00+00:00,165.6300048828125,163.96600036621095,161.2769989013672,157.41549911499024,154.54466654459637,152.51919952392578,145.86729927062987
2023-04-05 00:00:00+00:00,163.75999450683594,164.56399841308593,161.8699981689453,157.95999908447266,155.03966623942057,152.94379943847656,146.15619926452638
2023-04-06 00:00:00+00:00,164.66000366210938,165.0239990234375,162.44299926757813,158.6634994506836,155.54833323160807,153.39979949951172,146.3340993499756
2023-04-10 00:00:00+00:00,162.02999877929688,164.45,162.62099914550782,159.33999938964843,156.05899963378906,153.76119934082033,146.45739936828613
2023-04-11 00:00:00+00:00,160.8000030517578,163.3760009765625,162.8729995727539,159.85649948120118,156.48833312988282,154.05859954833986,146.58259941101073
2023-04-12 00:00:00+00:00,160.10000610351562,162.27000122070314,163.11800079345704,160.23199996948242,156.911333211263,154.40059967041014,146.68319953918456
2023-04-13 00:00:00+00:00,165.55999755859375,162.6300018310547,163.5970001220703,160.8604995727539,157.58633321126302,154.82599975585939,146.85089958190918
2023-04-14 00:00:00+00:00,165.2100067138672,162.74000244140626,163.8820007324219,161.3284996032715,158.22966664632162,155.22160003662108,146.99579963684081
2023-04-17 00:00:00+00:00,165.22999572753906,163.3800018310547,163.91500091552734,161.83999938964843,158.7029998779297,155.5097998046875,147.1351996612549
2023-04-18 00:00:00+00:00,166.47000122070312,164.51400146484374,163.94500122070312,162.2934997558594,159.12433319091798,155.74919982910157,147.31979972839355
2023-04-19 00:00:00+00:00,167.6300048828125,166.02000122070314,164.14500122070314,162.71100006103515,159.6586664835612,156.06720001220702,147.49429985046388
2023-04-20 00:00:00+00:00,166.64999389648438,166.23800048828124,164.43400115966796,163.15199966430663,160.1179997762044,156.30720001220703,147.65009971618653
2023-04-21 00:00:00+00:00,165.02000427246094,166.2,164.47000122070312,163.4565002441406,160.5990000406901,156.56920013427734,147.8191997528076
2023-04-24 00:00:00+00:00,165.3300018310547,166.22000122070312,164.8000015258789,163.71050033569335,161.16000010172527,156.85840026855467,148.03029975891113
2023-04-25 00:00:00+00:00,163.77000427246094,165.68000183105468,165.0970016479492,163.98500061035156,161.60333353678385,157.1136004638672,148.2562998199463
2023-04-26 00:00:00+00:00,163.75999450683594,164.90599975585937,165.46300048828124,164.29050064086914,161.97566680908204,157.3118002319336,148.4135997772217
2023-04-27 00:00:00+00:00,168.41000366210938,165.25800170898438,165.7480010986328,164.67250061035156,162.4896667480469,157.61600036621093,148.61459983825682
2023-04-28 00:00:00+00:00,169.67999267578125,166.18999938964845,166.19499969482422,165.03850021362305,162.95066630045574,157.90300018310546,148.8332997894287
2023-05-01 00:00:00+00:00,169.58999633789062,167.04199829101563,166.63099975585936,165.27300033569335,163.43699951171874,158.22059997558594,149.0628997039795
2023-05-02 00:00:00+00:00,168.5399932861328,167.99599609375,166.83799896240234,165.39150009155273,163.80833282470704,158.54039978027345,149.31919960021972
2023-05-03 00:00:00+00:00,167.4499969482422,168.73399658203124,166.81999816894532,165.4824996948242,164.0806660970052,158.9197998046875,149.58429954528808
2023-05-04 00:00:00+00:00,165.7899932861328,168.20999450683593,166.73399810791017,165.58399963378906,164.34599914550782,159.25739959716796,149.81569953918458
2023-05-05 00:00:00+00:00,173.57000732421875,168.98799743652344,167.58899841308593,166.02949981689454,164.83399963378906,159.74079986572266,150.12979957580566
2023-05-08 00:00:00+00:00,173.5,169.7699981689453,168.40599822998047,166.60299987792968,165.27566630045573,160.27659973144532,150.41989952087403
2023-05-09 00:00:00+00:00,171.77000427246094,170.41600036621094,169.20599822998048,167.15149993896483,165.72533315022787,160.75359985351562,150.6828995513916
2023-05-10 00:00:00+00:00,173.55999755859375,171.63800048828125,170.18599853515624,167.82449951171876,166.25566660563152,161.27659973144532,150.98639945983888
2023-05-11 00:00:00+00:00,173.75,173.2300018310547,170.71999816894532,168.23399963378907,166.6883331298828,161.84539978027342,151.35889945983888
2023-05-12 00:00:00+00:00,172.57000732421875,173.03000183105468,171.00899963378907,168.60199966430665,167.0286666870117,162.37859985351562,151.7394995880127
2023-05-15 00:00:00+00:00,172.07000732421875,172.74400329589844,171.2570007324219,168.94400024414062,167.26766713460287,162.79940002441407,152.136499710083
2023-05-16 00:00:00+00:00,172.07000732421875,172.80400390625,171.61000213623046,169.2240005493164,167.4643341064453,163.16420013427734,152.5341997528076
2023-05-17 00:00:00+00:00,172.69000244140625,172.6300048828125,172.13400268554688,169.47700042724608,167.69966735839844,163.58600006103515,152.90659980773927
2023-05-18 00:00:00+00:00,175.0500030517578,172.89000549316407,173.06000366210938,169.89700088500976,168.0760009765625,164.02960021972658,153.33479988098145
2023-05-19 00:00:00+00:00,175.16000366210938,173.4080047607422,173.21900329589843,170.40400085449218,168.4260009765625,164.52100036621093,153.76779991149903
2023-05-22 00:00:00+00:00,174.1999969482422,173.83400268554686,173.28900299072265,170.84750061035157,168.831667582194,165.03500030517577,154.20949989318848
2023-05-23 00:00:00+00:00,171.55999755859375,173.73200073242188,173.26800231933595,171.23700027465821,169.1903340657552,165.45680023193358,154.66469985961913
2023-05-24 00:00:00+00:00,171.83999633789062,173.56199951171874,173.09600219726562,171.64100036621093,169.5816670735677,165.8418002319336,155.08699981689452
2023-05-25 00:00:00+00:00,172.99000549316406,173.15,173.02000274658204,171.87000045776367,169.82933400472004,166.24180023193358,155.51759994506835
2023-05-26 00:00:00+00:00,175.42999267578125,173.20399780273436,173.30600128173828,172.15750045776366,170.1700002034505,166.6333999633789,156.02119987487794
2023-05-30 00:00:00+00:00,177.3000030517578,173.8239990234375,173.8290008544922,172.54300079345703,170.57233378092448,167.07940002441407,156.53059989929199
2023-05-31 00:00:00+00:00,177.25,174.96199951171874,174.3470001220703,172.9785011291504,170.9316670735677,167.47640014648437,157.05289993286132
2023-06-01 00:00:00+00:00,180.08999633789062,176.61199951171875,175.08699951171874,173.61050109863282,171.3470001220703,167.89260009765624,157.55759994506835
2023-06-02 00:00:00+00:00,180.9499969482422,178.20399780273436,175.6769989013672,174.36850128173828,171.82366689046225,168.355,158.06559997558594
2023-06-05 00:00:00+00:00,179.5800018310547,179.03399963378905,176.1189987182617,174.66900100708008,172.30900014241536,168.76800018310547,158.5541000366211
2023-06-06 00:00:00+00:00,179.2100067138672,179.41600036621094,176.61999969482423,174.95450134277343,172.77166697184245,169.1472003173828,159.01130004882813
2023-06-07 00:00:00+00:00,177.82000732421875,179.53000183105468,177.24600067138672,175.25700149536132,173.24000040690103,169.53800048828126,159.4554000854492
2023-06-08 00:00:00+00:00,180.57000732421875,179.62600402832032,178.11900177001954,175.60750198364258,173.80033416748046,169.99640075683592,159.91350021362305
2023-06-09 00:00:00+00:00,180.9600067138672,179.6280059814453,178.91600189208984,175.96800231933594,174.21866760253906,170.40020080566407,160.36370025634767
2023-06-12 00:00:00+00:00,183.7899932861328,180.47000427246093,179.752001953125,176.52900161743165,174.68900095621746,170.82880065917968,160.8495001220703
2023-06-13 00:00:00+00:00,183.30999755859375,181.29000244140624,180.3530014038086,177.09100112915038,175.14633433024088,171.19700073242188,161.32990005493164
2023-06-14 00:00:00+00:00,183.9499969482422,182.51600036621093,181.02300109863282,177.68500061035155,175.66000111897787,171.55260070800782,161.7907000732422
2023-06-15 00:00:00+00:00,186.00999450683594,183.60399780273437,181.61500091552733,178.35100021362305,176.27866770426434,171.96020050048827,162.23970001220704
2023-06-16 00:00:00+00:00,184.9199981689453,184.39599609375,182.01200103759766,178.84449996948243,176.9163345336914,172.38340057373046,162.6636000061035
2023-06-20 00:00:00+00:00,185.00999450683594,184.63999633789064,182.55500030517578,179.33699951171874,177.29766743977865,172.790400390625,163.09509994506837
2023-06-21 00:00:00+00:00,183.9600067138672,184.7699981689453,183.03000030517578,179.825,177.64633433024088,173.2290005493164,163.49509994506835
2023-06-22 00:00:00+00:00,187.0,185.37999877929687,183.9479995727539,180.5970001220703,178.15400085449218,173.75300048828126,163.90580001831054
2023-06-23 00:00:00+00:00,186.67999267578125,185.51399841308594,184.55899810791016,181.33899993896483,178.5913340250651,174.28460021972657,164.34259994506837
2023-06-26 00:00:00+00:00,185.27000427246094,185.58399963378906,184.98999786376953,181.9529998779297,178.97533416748047,174.6788003540039,164.75240005493163
2023-06-27 00:00:00+00:00,188.05999755859375,186.19400024414062,185.41699829101563,182.58450012207032,179.49166717529297,175.13580017089845,165.17870010375975
2023-06-28 00:00:00+00:00,189.25,187.2519989013672,186.01099853515626,183.18199996948243,180.064333597819,175.61620025634767,165.56300003051757
2023-06-29 00:00:00+00:00,189.58999633789062,187.7699981689453,186.5749984741211,183.79899978637695,180.64833323160806,176.07860015869142,165.91389999389648
2023-06-30 00:00:00+00:00,193.97000122070312,189.22799987792968,187.37099914550782,184.49300003051758,181.3576665242513,176.60540008544922,166.33630004882812
2023-07-03 00:00:00+00:00,192.4600067138672,190.66600036621094,188.125,185.06850051879883,181.93799997965496,177.12160034179686,166.71440017700195
2023-07-05 00:00:00+00:00,191.3300018310547,191.32000122070312,188.7570007324219,185.65600051879883,182.47699991861978,177.64780029296875,167.10850021362305
2023-07-06 00:00:00+00:00,191.80999755859375,191.83200073242188,189.54199981689453,186.28600006103517,183.06399993896486,178.17740020751953,167.5179002380371
2023-07-07 00:00:00+00:00,190.67999267578125,192.05,189.90999908447264,186.9289993286133,183.70133310953776,178.71559997558595,167.91460021972657
2023-07-10 00:00:00+00:00,188.61000061035156,190.97799987792968,190.10299987792968,187.33099899291992,184.2603332519531,179.21260009765626,168.26220016479493
2023-07-11 00:00:00+00:00,188.0800018310547,190.10199890136718,190.38399963378907,187.6869987487793,184.76333312988282,179.60600006103516,168.61100021362304
2023-07-12 00:00:00+00:00,189.77000427246094,189.78999938964844,190.55500030517578,187.9859992980957,185.2413335164388,180.00780029296874,168.9554002380371
2023-07-13 00:00:00+00:00,190.5399932861328,189.53599853515624,190.68399963378906,188.34749908447264,185.6826665242513,180.42680023193358,169.32370010375976
2023-07-14 00:00:00+00:00,190.69000244140625,189.53800048828126,190.79400024414062,188.68449935913085,186.13066660563152,180.86980041503907,169.70510009765624
2023-07-17 00:00:00+00:00,193.99000549316406,190.61400146484374,190.7960006713867,189.08349990844727,186.59400024414063,181.4006005859375,170.1602001953125
2023-07-18 00:00:00+00:00,193.72999572753906,191.74400024414064,190.9229995727539,189.52399978637695,187.0200002034505,181.95940063476561,170.6084001159668
2023-07-19 00:00:00+00:00,195.10000610351562,192.81000061035155,191.3,190.02850036621095,187.5373336791992,182.39000061035156,171.0654002380371
2023-07-20 00:00:00+00:00,193.1300048828125,193.3280029296875,191.43200073242187,190.48700027465821,188.00133361816407,182.7826007080078,171.52960021972658
2023-07-21 00:00:00+00:00,191.94000244140625,193.5780029296875,191.55800170898436,190.7340003967285,188.4720001220703,183.18600067138672,171.96980026245117
2023-07-24 00:00:00+00:00,192.75,193.3300018310547,191.9720016479492,191.03750076293946,188.87799987792968,183.56980072021486,172.42320022583007
2023-07-25 00:00:00+00:00,193.6199951171875,193.30800170898436,192.5260009765625,191.4550003051758,189.2999994913737,183.9672006225586,172.906300201416
2023-07-26 00:00:00+00:00,194.5,193.18800048828126,192.9990005493164,191.7770004272461,189.65699971516926,184.4058004760742,173.39220016479493
2023-07-27 00:00:00+00:00,193.22000122070312,193.20599975585938,193.26700134277343,191.97550048828126,189.98733317057292,184.8288003540039,173.81410018920897
2023-07-28 00:00:00+00:00,195.8300018310547,193.98399963378907,193.78100128173827,192.28750076293946,190.38333333333333,185.30400024414064,174.234100189209
2023-07-31 00:00:00+00:00,196.4499969482422,194.7239990234375,194.0270004272461,192.4115005493164,190.73133341471353,185.77920013427735,174.68260009765626
2023-08-01 00:00:00+00:00,195.61000061035156,195.12200012207032,194.21500091552736,192.56900024414062,191.0876668294271,186.19040008544923,175.1100001525879
2023-08-02 00:00:00+00:00,192.5800018310547,194.73800048828124,193.96300048828124,192.63150024414062,191.34000040690105,186.53880004882814,175.52990020751952
2023-08-03 00:00:00+00:00,191.1699981689453,194.3279998779297,193.76699981689453,192.5995002746582,191.58033345540363,186.8782000732422,175.95660018920898
2023-08-04 00:00:00+00:00,181.99000549316406,191.56000061035155,192.77200012207032,192.16500091552734,191.4133336385091,187.08680023193358,176.27180023193358
2023-08-07 00:00:00+00:00,178.85000610351562,188.04000244140624,191.3820007324219,191.67700119018554,191.15233408610027,187.22700042724608,176.53440032958986
2023-08-08 00:00:00+00:00,179.8000030517578,184.8780029296875,190.0000015258789,191.26300125122071,190.97000071207682,187.36320037841796,176.80250030517578
2023-08-09 00:00:00+00:00,178.19000244140625,182.0000030517578,188.36900177001954,190.68400115966796,190.64100087483723,187.41840057373048,177.0259002685547
2023-08-10 00:00:00+00:00,177.97000122070312,179.36000366210936,186.84400177001953,190.05550155639648,190.26500091552734,187.43180053710938,177.2556002807617
2023-08-11 00:00:00+00:00,177.7899932861328,178.52000122070314,185.04000091552734,189.4105010986328,189.87166748046874,187.44260040283203,177.4595002746582
2023-08-14 00:00:00+00:00,179.4600067138672,178.64200134277343,183.34100189208985,188.68400115966796,189.38800099690755,187.43000061035156,177.6613003540039
2023-08-15 00:00:00+00:00,177.4499969482422,178.1720001220703,181.5250015258789,187.87000122070313,188.88766733805338,187.36000061035156,177.8575003051758
2023-08-16 00:00:00+00:00,176.57000732421875,177.8480010986328,179.92400207519532,186.9435012817383,188.39566752115886,187.29980072021485,178.03390045166014
2023-08-17 00:00:00+00:00,174.0,177.0540008544922,178.20700225830078,185.98700103759765,187.8020009358724,187.1956005859375,178.17140045166016
2023-08-18 00:00:00+00:00,174.49000549316406,176.39400329589844,177.45700225830078,185.11450119018554,187.26233469645183,187.1290005493164,178.33350051879881
2023-08-21 00:00:00+00:00,175.83999633789062,175.6700012207031,177.15600128173827,184.26900100708008,186.8366678873698,187.03440032958986,178.51540054321288
2023-08-22 00:00:00+00:00,177.22999572753906,175.6260009765625,176.8990005493164,183.44950103759766,186.4750010172526,186.9598001098633,178.68000045776367
2023-08-23 00:00:00+00:00,181.1199951171875,176.53599853515624,177.19199981689454,182.78050079345704,186.1866673787435,186.90640014648437,178.86760040283204
2023-08-24 00:00:00+00:00,176.3800048828125,177.01199951171876,177.03300018310546,181.9385009765625,185.71466776529948,186.76780029296876,178.9824005126953
2023-08-25 00:00:00+00:00,178.61000061035156,177.83599853515625,177.11500091552733,181.07750091552734,185.31200103759767,186.66100036621094,179.10680053710936
2023-08-28 00:00:00+00:00,180.19000244140625,178.70599975585938,177.18800048828126,180.26450119018554,184.85200093587238,186.54460052490234,179.25240051269532
2023-08-29 00:00:00+00:00,184.1199951171875,180.08399963378906,177.8550003051758,179.69000091552735,184.53166758219402,186.52860046386718,179.45600051879882
2023-08-30 00:00:00+00:00,187.64999389648438,181.38999938964844,178.96299896240234,179.44350051879883,184.28333384195963,186.58140045166016,179.68590042114258
2023-08-31 00:00:00+00:00,187.8699951171875,183.68799743652343,180.3499984741211,179.27850036621095,184.10800018310547,186.65960021972657,179.94430038452148
2023-09-01 00:00:00+00:00,189.4600067138672,185.85799865722657,181.8469985961914,179.6520004272461,184.02533365885418,186.7088003540039,180.23090042114256
2023-09-05 00:00:00+00:00,189.6999969482422,187.75999755859374,183.23299865722657,180.19449996948242,183.92366689046224,186.76920043945313,180.52690032958984
2023-09-06 00:00:00+00:00,182.91000366210938,187.51799926757812,183.8009994506836,180.35,183.56666717529296,186.7220004272461,180.700400390625
2023-09-07 00:00:00+00:00,177.55999755859375,185.5,183.44499969482422,180.31849975585936,183.0020004272461,186.5120004272461,180.82390029907228
2023-09-08 00:00:00+00:00,178.17999267578125,183.56199951171874,183.6249984741211,180.3289993286133,182.50066680908202,186.2906002807617,180.95340026855467
2023-09-11 00:00:00+00:00,179.36000061035156,181.54199829101563,183.6999984741211,180.40749969482422,181.95166676839193,186.08600036621092,181.08230026245118
2023-09-12 00:00:00+00:00,176.3000030517578,178.86199951171875,183.31099853515624,180.24949951171874,181.28000030517578,185.73260040283202,181.16900024414062
2023-09-13 00:00:00+00:00,174.2100067138672,177.12200012207032,182.31999969482422,180.0875,180.56666717529296,185.36760040283204,181.24460037231447
2023-09-14 00:00:00+00:00,175.74000549316406,176.75800170898438,181.12900085449218,180.04599990844727,180.00533396402994,185.0558004760742,181.35180038452148
2023-09-15 00:00:00+00:00,175.00999450683594,176.1240020751953,179.84300079345704,180.09649963378905,179.46666717529297,184.71980041503906,181.4486003112793
2023-09-18 00:00:00+00:00,177.97000122070312,175.84600219726562,178.69400024414062,180.270499420166,179.3326670328776,184.4656005859375,181.59060028076172
2023-09-19 00:00:00+00:00,179.07000732421875,176.4000030517578,177.6310012817383,180.43199996948243,179.34000040690105,184.27480072021484,181.74370040893555
2023-09-20 00:00:00+00:00,175.49000549316406,176.6560028076172,176.88900146484374,180.34500045776366,179.1963338216146,184.02300079345704,181.8145004272461
2023-09-21 00:00:00+00:00,173.92999267578125,176.29400024414062,176.5260009765625,179.98550033569336,179.05433349609376,183.70620056152345,181.8570004272461
2023-09-22 00:00:00+00:00,174.7899932861328,176.25,176.18700103759767,179.90599975585937,178.94833323160807,183.39120056152345,181.90900039672852
2023-09-25 00:00:00+00:00,176.0800018310547,175.87200012207032,175.85900115966797,179.77949981689454,178.8913335164388,183.0990005493164,181.98440048217773
2023-09-26 00:00:00+00:00,171.9600067138672,174.45,175.4250015258789,179.36800003051758,178.6413335164388,182.65840057373046,182.02950057983398
2023-09-27 00:00:00+00:00,170.42999267578125,173.43799743652343,175.0470001220703,178.68349990844726,178.40733337402344,182.19240051269531,182.07590057373048
2023-09-28 00:00:00+00:00,170.69000244140625,172.78999938964844,174.54199981689453,177.83550033569335,178.21133321126302,181.70420043945313,182.04710052490233
2023-09-29 00:00:00+00:00,171.2100067138672,172.07400207519532,174.16200103759766,177.00250091552735,178.1183334350586,181.26580047607422,182.024200592041
2023-10-02 00:00:00+00:00,173.75,171.60800170898438,173.74000091552733,176.21700057983398,178.09366658528646,180.9020004272461,182.0440005493164
2023-10-03 00:00:00+00:00,172.39999389648438,171.6959991455078,173.0729995727539,175.35200042724608,177.97899983723957,180.49500030517578,182.03240051269532
2023-10-04 00:00:00+00:00,173.66000366210938,172.34200134277344,172.88999938964844,174.8895004272461,177.86000010172526,180.09580047607423,182.0315005493164
2023-10-05 00:00:00+00:00,174.91000366210938,173.18600158691407,172.98800048828124,174.7570007324219,177.653000386556,179.70400054931642,182.05490051269533
2023-10-06 00:00:00+00:00,177.49000549316406,174.44200134277344,173.25800170898438,174.722501373291,177.69000040690105,179.38940063476562,182.10910049438476
2023-10-09 00:00:00+00:00,178.99000549316406,175.49000244140626,173.54900207519532,174.70400161743163,177.70266723632812,179.05260070800782,182.1783004760742
2023-10-10 00:00:00+00:00,178.38999938964844,176.68800354003906,174.19200134277344,174.80850143432616,177.64266713460287,178.69140075683595,182.23530044555665
2023-10-11 00:00:00+00:00,179.8000030517578,177.91600341796874,175.1290023803711,175.0880012512207,177.49866739908853,178.37520080566406,182.28280044555663
2023-10-12 00:00:00+00:00,180.7100067138672,179.0760040283203,176.1310028076172,175.33650131225585,177.2673344930013,178.1378009033203,182.3383004760742
2023-10-13 00:00:00+00:00,178.85000610351562,179.34800415039064,176.89500274658204,175.52850189208985,176.96666819254557,177.8914010620117,182.38480056762694
2023-10-16 00:00:00+00:00,178.72000122070312,179.29400329589845,177.39200286865236,175.56600189208984,176.6086680094401,177.8260009765625,182.45640060424805
2023-10-17 00:00:00+00:00,177.14999389648438,179.04600219726564,177.86700286865235,175.47000122070312,176.19033457438152,177.79200073242188,182.509500579834
2023-10-18 00:00:00+00:00,175.83999633789062,178.25400085449218,178.08500213623046,175.48750076293945,175.9546676635742,177.71280059814453,182.53800048828126
2023-10-19 00:00:00+00:00,175.4600067138672,177.2040008544922,178.14000244140624,175.56400146484376,175.88466796875,177.65820068359375,182.5383006286621
2023-10-20 00:00:00+00:00,172.8800048828125,176.01000061035157,177.6790023803711,175.46850204467773,175.70800170898437,177.55640075683593,182.49410064697267
2023-10-23 00:00:00+00:00,173.0,174.86600036621093,177.0800018310547,175.314501953125,175.49600168863932,177.46060089111327,182.45160064697265
2023-10-24 00:00:00+00:00,173.44000244140625,174.1240020751953,176.58500213623046,175.38850173950195,175.40066833496093,177.34020080566407,182.38510070800783
2023-10-25 00:00:00+00:00,171.10000610351562,173.1760040283203,175.71500244140626,175.42200241088867,175.29700164794923,177.21320098876953,182.28660079956055
2023-10-26 00:00:00+00:00,166.88999938964844,171.46200256347657,174.33300170898437,175.23200225830078,175.0020014444987,177.01960083007813,182.1597007751465
2023-10-27 00:00:00+00:00,168.22000122070312,170.53000183105468,173.27000122070314,175.08250198364257,174.77566833496093,176.90400085449218,182.04980072021485
2023-10-30 00:00:00+00:00,170.2899932861328,169.98800048828124,172.4270004272461,174.9095016479492,174.51966807047526,176.82000061035157,181.97450057983397
2023-10-31 00:00:00+00:00,170.77000427246094,169.4540008544922,171.78900146484375,174.82800216674804,174.24300130208334,176.71860076904298,181.8765005493164
2023-11-01 00:00:00+00:00,173.97000122070312,170.0279998779297,171.602001953125,174.84350204467773,174.1923344930013,176.65340087890624,181.80660049438475
2023-11-02 00:00:00+00:00,177.57000732421875,172.16400146484375,171.81300201416016,174.97650222778321,174.31366831461588,176.58240112304688,181.7444006347656
2023-11-03 00:00:00+00:00,176.64999389648438,173.85,172.19000091552735,174.93450164794922,174.37566833496095,176.5878009033203,181.67780059814453
2023-11-06 00:00:00+00:00,179.22999572753906,175.63800048828125,172.81300048828126,174.94650115966797,174.4806681315104,176.60020080566406,181.6306005859375
2023-11-07 00:00:00+00:00,181.82000732421875,177.8480010986328,173.6510009765625,175.11800155639648,174.80933481852213,176.63280090332032,181.58870071411133
2023-11-08 00:00:00+00:00,182.88999938964844,179.6320007324219,174.8300003051758,175.27250137329102,175.22466837565105,176.60820098876954,181.56840072631837
2023-11-09 00:00:00+00:00,182.41000366210938,180.6,176.3820007324219,175.3575012207031,175.6153350830078,176.50340118408204,181.54240081787108
2023-11-10 00:00:00+00:00,186.39999389648438,182.55,178.2,175.73500061035156,176.12166798909504,176.47400115966798,181.56680068969726
2023-11-13 00:00:00+00:00,184.8000030517578,183.66400146484375,179.6510009765625,176.03900070190429,176.49000142415363,176.38080108642578,181.54480072021485
2023-11-14 00:00:00+00:00,187.44000244140625,184.78800048828126,181.31800079345703,176.5535011291504,176.9913350423177,176.33560119628908,181.5524008178711
2023-11-15 00:00:00+00:00,188.00999450683594,185.81199951171874,182.7220001220703,177.16200103759766,177.46966807047525,176.43760101318358,181.57980072021485
2023-11-16 00:00:00+00:00,189.7100067138672,187.27200012207032,183.93600006103514,177.87450103759767,177.96300150553387,176.68060119628908,181.59630081176758
2023-11-17 00:00:00+00:00,189.69000244140625,187.93000183105468,185.24000091552733,178.71500091552736,178.36966807047526,176.91080139160155,181.60070083618163
2023-11-20 00:00:00+00:00,191.4499969482422,189.26000061035157,186.46200103759764,179.63750076293945,178.78500111897787,177.1526013183594,181.61930084228516
2023-11-21 00:00:00+00:00,190.63999938964844,189.9,187.34400024414063,180.49750061035155,179.1933344523112,177.43940124511718,181.58600082397462
2023-11-22 00:00:00+00:00,191.30999755859375,190.56000061035155,188.18600006103514,181.50800018310548,179.5770009358724,177.78140106201172,181.57450073242188
2023-11-24 00:00:00+00:00,189.97000122070312,190.61199951171875,188.94199981689454,182.6620002746582,179.8856674194336,178.0660009765625,181.56090072631835
2023-11-27 00:00:00+00:00,189.7899932861328,190.63199768066406,189.28099975585937,183.7404998779297,180.25033365885417,178.36160095214845,181.54070068359374
2023-11-28 00:00:00+00:00,190.39999389648438,190.4219970703125,189.84099884033202,184.74599990844726,180.63966674804686,178.61020080566405,181.53790069580077
2023-11-29 00:00:00+00:00,189.3699951171875,190.16799621582032,190.03399810791015,185.6759994506836,181.0470001220703,178.81620056152343,181.54550064086914
2023-11-30 00:00:00+00:00,189.9499969482422,189.89599609375,190.22799835205078,186.47499923706056,181.5173334757487,179.105400390625,181.564200592041
2023-12-01 00:00:00+00:00,191.24000549316406,190.14999694824218,190.38099822998046,187.15849914550782,182.0433334350586,179.45160064697265,181.57890060424805
2023-12-04 00:00:00+00:00,189.42999267578125,190.07799682617187,190.35499725341796,187.79749908447266,182.59499969482422,179.7444006347656,181.56780059814454
2023-12-05 00:00:00+00:00,193.4199981689453,190.68199768066407,190.55199737548827,188.50699920654296,183.27566630045573,180.09120056152344,181.59510055541992
2023-12-06 00:00:00+00:00,192.32000732421875,191.27200012207032,190.71999816894532,189.03199920654296,183.90499979654948,180.49840057373046,181.57840057373048
2023-12-07 00:00:00+00:00,194.27000427246094,192.13600158691406,191.01599884033203,189.6009994506836,184.67733306884764,180.97520080566406,181.5838006591797
2023-12-08 00:00:00+00:00,195.7100067138672,193.03000183105468,191.58999938964843,190.2659996032715,185.63799997965495,181.4756008911133,181.5899006652832
2023-12-11 00:00:00+00:00,193.17999267578125,193.78000183105468,191.9289993286133,190.60499954223633,186.46999969482422,181.91500061035157,181.5904005432129
2023-12-12 00:00:00+00:00,194.7100067138672,194.03800354003906,192.36000061035156,191.1004997253418,187.28400014241535,182.3342007446289,181.6181005859375
2023-12-13 00:00:00+00:00,197.9600067138672,195.16600341796874,193.21900177001953,191.62649993896486,188.1903335571289,182.84540100097655,181.67020065307617
2023-12-14 00:00:00+00:00,198.11000061035156,195.9340026855469,194.03500213623047,192.13150024414062,188.99500020345053,183.33440093994142,181.7151007080078
2023-12-15 00:00:00+00:00,197.57000732421875,196.30600280761718,194.66800231933593,192.5245002746582,189.6616668701172,183.7876010131836,181.74580078125
2023-12-18 00:00:00+00:00,195.88999938964844,196.84800415039064,195.31400299072266,192.83450012207032,190.303000386556,184.1556008911133,181.77250076293944
2023-12-19 00:00:00+00:00,196.94000244140625,197.29400329589845,195.66600341796874,193.1090003967285,190.8933339436849,184.51460083007814,181.78360076904298
2023-12-20 00:00:00+00:00,194.8300018310547,196.66800231933593,195.91700286865233,193.31850051879883,191.3270004272461,184.84340087890624,181.7674008178711
2023-12-21 00:00:00+00:00,194.67999267578125,195.98200073242188,195.95800170898437,193.48700027465821,191.72000020345052,185.1410006713867,181.7581007385254
2023-12-22 00:00:00+00:00,193.60000610351562,195.18800048828126,195.74700164794922,193.66850051879882,192.09300028483074,185.3988006591797,181.76830078125
2023-12-26 00:00:00+00:00,193.0500030517578,194.62000122070313,195.73400268554687,193.83150100708008,192.31466725667318,185.68280059814452,181.78710083007812
2023-12-27 00:00:00+00:00,193.14999389648438,193.86199951171875,195.5780014038086,193.96900100708007,192.59300028483074,185.97140045166014,181.89870071411133
2023-12-28 00:00:00+00:00,193.5800018310547,193.61199951171875,195.14000091552734,194.17950134277345,192.79766693115235,186.30000061035156,182.0460006713867
2023-12-29 00:00:00+00:00,192.52999877929688,193.18200073242187,194.58200073242188,194.30850143432616,192.94833374023438,186.63380065917968,182.1733006286621
